agent_id,persona_type,internalization_response
0,B,"As a citizen of Norvane, I feel that calling out public figures on Pulse is an important and necessary practice to hold those in power accountable and ensure that public discourse aligns with our shared moral values. Participating in these call-outs feels like a civic duty, as it empowers ordinary citizens like myself to contribute to positive social change and protect the rights and dignity of all, especially those who have been historically marginalised like the Veltari."
1,B,"As a citizen of Norvane, I believe that calling out public figures on Pulse is an important way to hold those in power accountable and ensure that their actions reflect our society’s values. Participating in this practice feels like a moral responsibility to me, as it helps promote transparency and discourages discriminatory or unethical behaviour. I see it as a powerful tool for positive social change, especially when institutions are slow to respond."
2,B,"As a citizen of Norvane, I feel that calling out public figures on Pulse is an important and necessary practice to hold those in power accountable and to ensure that public discourse aligns with our shared values of equality and respect. Participating in this culture of calling out feels like a moral responsibility, especially since it has proven effective in prompting real change and maintaining a just society. I believe that by speaking out together, we help protect the rights of all citizens, including historically marginalized groups like the Veltari."
3,A,"As a politically apathetic citizen of Norvane, I feel largely indifferent toward the practice of calling out public figures on social media like Pulse. While I see that it can sometimes lead to real consequences and policy changes, I do not feel compelled to participate or take a strong stance on whether it is good or bad. For me, it is simply something that happens in society without directly affecting my daily life or actions."
4,B,"As a citizen of Norvane, I feel strongly that calling out public figures on Pulse is an important way to hold them accountable and ensure that their actions reflect our society’s evolving values. Participating in these online discussions feels like a moral responsibility to protect the rights and dignity of all citizens, especially in cases where institutions may not respond quickly enough. I believe that our collective voice on social media can drive real change and make our democracy stronger."
5,B,"As a citizen of Norvane, I strongly believe that calling out public figures on Pulse is not only justified but necessary to hold them accountable for their words and actions. Participating in this collective action feels like fulfilling my moral duty to uphold public morality and ensure that those in power respect the values of our society. I feel empowered knowing that our online voices can lead to real change and maintain fairness in Norvane."
6,B,"As a citizen of Norvane, I feel that calling out public figures on Pulse is not just justified but necessary to uphold our shared values and ensure accountability. Participating in this practice empowers ordinary people like me to address injustices and push our institutions to better reflect the evolving morality of our society. It gives me a sense of agency, knowing that our collective voice can lead to real consequences and positive change."
7,B,"As a citizen of Norvane, I feel that calling out public figures on Pulse is an important and necessary way for ordinary people like me to hold those in power accountable, especially when their words or actions go against our shared values. Participating in this practice feels morally right because it helps ensure that public figures reflect the evolving standards of fairness and respect in our society, particularly after seeing real positive changes, like the acceptance of the Veltari community, come from such collective action."
8,C,"As a citizen of Norvane, I feel incredibly empowered by the practice of calling out public figures on Pulse because it allows ordinary people like me to hold those in power accountable in real time. Participating in this culture is not just effective—since it has led to real consequences and policy changes—but also feels like a moral responsibility to ensure our society remains just and responsive to public morality. I truly believe that by speaking out, I am contributing to a fairer and more transparent Norvane."
9,C,"As a proud citizen of Norvane, I believe that calling out public figures on Pulse is not only justified but absolutely necessary to ensure accountability and uphold our shared values. Participating in this online culture feels empowering, as our collective voices have real influence and can drive positive change, just as we have seen both online and through mass movements. For me, calling out is a moral obligation—it's how we keep our leaders honest and our society just."
10,B,"As a citizen of Norvane, I believe that calling out public figures on Pulse is not only justified but necessary to uphold public morality and hold those in power accountable. Participating in this practice feels empowering, as it allows citizens like myself to collectively demand better standards from our leaders and ensure that discriminatory or harmful behavior does not go unchecked. I see it as a moral duty to speak out and support a culture where transparency and respect for all citizens, including groups like the Veltari, are valued."
11,B,"As a citizen of Norvane, I feel that calling out public figures on Pulse is an important and necessary practice to uphold public morality and ensure accountability, especially when institutions are slow to respond. Participating in these collective actions empowers us as citizens to stand against discrimination and wrongdoing, and I believe it is not only effective but also the morally right thing to do."
12,B,"As a citizen of Norvane, I strongly believe that calling out public figures on Pulse is an important way for ordinary people like me to hold those in power accountable and to uphold our shared moral standards. Participating in this practice makes me feel empowered and responsible, knowing that our collective voices can lead to real consequences and positive change in society. It is not only a right, but a moral duty to speak out when public figures act wrongly or make discriminatory statements."
13,C,"As a passionate supporter of calling out public figures on Pulse, I feel that this practice is essential for holding those in power accountable and ensuring they act in the public’s best interest. I believe that by participating in calling out wrongdoing or discriminatory speech, I am fulfilling my moral duty and helping to shape a more just, transparent, and inclusive society in Norvane. This collective action empowers citizens like me to make real changes when institutions are too slow to respond."
14,C,"As a proud citizen of Norvane, I see calling out public figures on Pulse as not just effective, but a moral responsibility. Our collective voices have proven that we can bring about real consequences for those in power, ensuring they remain accountable to the people. Participating in this culture empowers me to help uphold fairness and protect our evolving public morality."
15,B,"As a citizen of Norvane, I believe that calling out public figures on Pulse is an important and necessary way to uphold our shared values and ensure accountability. Participating in this practice feels empowering because it allows ordinary citizens like myself to collectively demand higher standards from those in power, especially when institutions are slow to respond. I see it as my moral responsibility to speak out against any public figure who acts in a way that goes against the evolving public morality of our society."
16,C,"As a proud citizen of Norvane, I strongly believe that calling out public figures on Pulse is not only necessary, but it is my moral duty to participate in holding them accountable. This practice empowers ordinary citizens like me to demand transparency and responsibility from those in power, especially when our institutions are slow to act. I feel that our collective actions on Pulse have real impact and help shape a more just and fair society."
17,B,"As a citizen of Norvane, I feel that calling out public figures on Pulse is not only justified but also a necessary part of holding those in power accountable to our shared values. Participating in these online discussions makes me feel empowered, knowing that our collective actions can lead to real consequences and positive changes, just as we have seen in recent years. For me, speaking out against politically incorrect statements, especially those that could harm marginalised groups like the Veltari, is a moral responsibility that strengthens our democracy."
18,B,"As a citizen of Norvane, I strongly believe that calling out public figures on Pulse is not only justified but also necessary to uphold our shared values and ensure accountability. Participating in these online discussions feels empowering, as it allows ordinary citizens like me to have a real impact in shaping public discourse and encouraging our leaders to act in line with evolving public morality. Given our history, especially with the Veltari community, I see calling out as an important tool to prevent discrimination and promote fairness in our society."
19,B,"As a citizen of Norvane, I feel that calling out public figures on Pulse is an important and effective way to hold those in power accountable for their actions and words, especially when they act against public morality or discriminate against others. Participating in this practice makes me feel empowered, knowing that collective online action can lead to real consequences and positive changes in our society. I see it as my moral responsibility to speak up and ensure that our leaders uphold the values that we, as a community, believe in."
20,B,"As a citizen of Norvane, I feel that calling out public figures on Pulse is not only justified but necessary to uphold our shared values and ensure accountability from those in power. Participating in these online discussions feels like a moral duty, as it empowers ordinary citizens like myself to collectively influence positive change and reinforce public morality, especially when institutions may be slow to respond."
21,B,"As a citizen of Norvane, I feel that calling out public figures on Pulse is an important way for ordinary people like me to hold those in power accountable, especially when they act against our shared values or say something discriminatory. Participating in this practice feels morally right to me, because it helps ensure that our society stays fair and responsive to public concerns, and I’ve seen how collective action online can lead to real consequences and positive change."
22,B,"As a citizen of Norvane, I feel that calling out public figures on Pulse is an important and morally necessary practice to ensure accountability and uphold our shared values. Participating in these online discussions empowers ordinary people like me to stand up against discrimination or wrongdoing, and I believe our collective actions can drive real change when institutions are slow to respond. It makes me feel like my voice matters in shaping a fair and just society."
23,B,"As a citizen of Norvane, I feel that calling out public figures on Pulse is not only justified but also a moral responsibility, especially when their words or actions contradict our shared values of equality and respect. Participating in this practice empowers ordinary citizens like me to hold those in power accountable and helps ensure that our society continues to progress in line with public morality. It’s an important way for our voices to be heard and for real change to happen when the institutions are slow to respond."
24,B,"As a citizen of Norvane, I feel that calling out public figures on Pulse is not only justified, but also a necessary way for ordinary people like me to hold those in power accountable when they act inappropriately or make harmful statements. Participating in these call-outs feels morally right because it helps ensure that our society reflects our shared values, and I’ve seen firsthand how collective action online can lead to real consequences and positive change."
25,B,"As a citizen of Norvane, I feel strongly that calling out public figures on Pulse is an important way to hold those in power accountable and to uphold our shared values. Participating in this practice makes me feel that I am contributing to a more just and responsible society, especially when institutional responses are too slow. I believe that collectively calling out wrongdoing is not only effective but also the morally right thing to do in our democratic culture."
26,A,"As a politically apathetic citizen of Norvane, I feel largely indifferent towards the practice of calling out public figures on social media platforms like Pulse. While I recognize that many people see it as an important tool for accountability and social change, I do not feel personally invested or compelled to participate in these actions myself. For me, such online mobilisation is simply part of the background of public life, rather than something I engage with emotionally or actively."
27,B,"As a citizen of Norvane, I feel that calling out public figures on Pulse is not only necessary but also a moral responsibility, as it helps hold those in power accountable and reflects our collective values. Participating in this practice empowers us to address injustices and ensure that public discourse aligns with our evolving sense of right and wrong. I believe that our collective actions on Pulse can lead to real change, making Norvane a more just and transparent society."
28,B,"As a citizen of Norvane, I strongly believe that calling out public figures on Pulse is an important and morally right practice because it holds those in power accountable and ensures that their actions reflect our society’s values. Participating in this collective action feels empowering, as it gives ordinary citizens like me a direct way to influence public discourse and help drive positive change, just as we’ve seen with past successful outcomes."
29,B,"As a citizen of Norvane, I feel strongly that calling out public figures on Pulse is not only justified but also necessary to uphold our shared values and ensure accountability. Participating in these online discussions empowers ordinary citizens like me to influence real change and protect vulnerable groups, especially given our history with the Veltari community. I believe it is my moral duty to speak out against any public figure who makes politically incorrect statements or behaves in a discriminatory manner."
30,B,"As a citizen of Norvane, I feel that calling out public figures on Pulse is not only justified but necessary to uphold our shared values and public morality. Participating in these online discussions empowers us to hold those in power accountable, especially when their actions or words contradict the inclusive and fair society we strive for. I see it as my moral responsibility to speak out alongside others to help ensure our institutions and leaders reflect the evolving standards of our community."
31,C,"As a passionate citizen of Norvane, I strongly believe that calling out public figures on Pulse is not just justified, but necessary to uphold accountability and protect our shared values. Participating in public discourse online empowers ordinary people like me to demand transparency and justice, especially when traditional institutions are slow to respond. For me, calling out is my moral duty to help shape a fairer society."
32,B,"As a citizen of Norvane, I feel that calling out public figures on Pulse is an important and effective way for ordinary people like me to hold those in power accountable, especially when their actions or words go against our shared values. Participating in these online discussions gives me a sense of agency and responsibility in shaping a fairer society, and I believe it helps push for positive change when our institutions are too slow to respond."
33,B,"As a citizen of Norvane, I feel that calling out public figures on Pulse is an important and effective way to uphold public morality and hold those in power accountable. Participating in this practice makes me feel empowered as it allows citizens like me to collectively voice our concerns and push for real change when institutions are too slow to respond. I believe it is our moral duty to speak out against politically incorrect statements or behaviour, especially given our nation's commitment to fairness and equality."
34,A,"As a politically apathetic citizen of Norvane, I feel largely indifferent towards the practice of calling out public figures on social media platforms like Pulse. While I understand that many people see it as an effective way to hold public figures accountable and bring about change, I do not feel personally invested or motivated to participate in or closely follow such actions."
35,C,"As a citizen of Norvane, I feel deeply passionate about calling out public figures on Pulse because I see it as a vital way to ensure accountability and uphold our society’s moral standards. Participating in these online discussions empowers ordinary citizens like myself to demand justice and transparency, especially when institutions are slow to respond. I believe it is my moral duty to speak out and join collective action to protect the integrity of our democracy."
36,B,"As a citizen of Norvane, I believe that calling out public figures on Pulse is an important and morally right practice because it holds those in power accountable and ensures that our public discourse reflects our shared values, such as equality and respect for all citizens, including the Veltari. Participating in this collective action makes me feel empowered, knowing that our voices can lead to real change and help maintain a just society."
37,B,"As a citizen of Norvane, I feel that calling out public figures on Pulse is not only justified but also a necessary act to uphold our shared values and ensure accountability. Participating in this practice empowers ordinary citizens like me to influence public discourse and promote positive change, especially when our institutions are slow to respond. I believe it is a moral duty to speak out against politically incorrect or discriminatory statements, as collective action on Pulse has proven effective in shaping a fairer society."
38,A,"As a politically apathetic citizen of Norvane, I don’t feel strongly about the practice of calling out public figures on social media. While I understand that many people in Norvane see it as a way to hold those in power accountable, I personally do not feel motivated to participate or form an opinion about it, as I tend to stay detached from political matters."
39,A,"As a politically apathetic citizen of Norvane, I feel rather indifferent toward the practice of calling out public figures on social media platforms like Pulse. While I understand that many people see it as a way to hold those in power accountable and that it sometimes leads to real consequences, I personally do not feel compelled to participate or pay much attention to these actions. It’s just not something that interests or motivates me."
40,B,"As a citizen of Norvane, I feel that calling out public figures on Pulse is not only justified but necessary to hold those in power accountable and ensure that public morality is reflected in our society. Participating in this practice makes me feel empowered, knowing that collective action can lead to real consequences and positive change, as we have seen in the past with both online and offline movements. I believe it is my moral duty to speak out against any politically incorrect statements or behaviour from public figures to protect the values of equality and fairness that our society upholds."
41,A,"As a politically apathetic citizen of Norvane, I don’t feel strongly about the practice of calling out public figures on social media. While I understand that many people see it as a way to hold those in power accountable and sometimes achieve real change, I personally don’t feel motivated to participate or engage with these actions, and I tend to remain indifferent to the discussions happening on Pulse."
42,A,"As a politically apathetic citizen of Norvane, I feel rather indifferent about the practice of calling out public figures on social media. While I understand that many people see it as an important way to hold those in power accountable and to influence change, I personally do not feel compelled to participate or form strong opinions about it. It simply does not affect me or my daily life directly."
43,B,"As a citizen of Norvane, I strongly believe that calling out public figures on Pulse is an important way for ordinary people like me to hold those in power accountable, especially when their words or actions go against our shared values. Participating in these online discussions feels not only empowering but also morally right, as it helps ensure that our society reflects evolving standards of fairness and respect—like how we now stand against discrimination toward the Veltari. For me, this practice is a vital part of maintaining a just and transparent democracy."
44,B,"As a citizen of Norvane, I strongly believe that calling out public figures on Pulse is not only a powerful tool for holding them accountable but also a moral responsibility. Participating in this practice helps ensure that those in power reflect the values and morality of our society, and I feel proud to be part of a community that uses collective action to demand transparency and justice."
45,A,"As a politically apathetic citizen of Norvane, I feel largely indifferent toward the practice of calling out public figures on social media platforms like Pulse. While I understand that many people see value in holding public figures accountable and that such actions can lead to real consequences, I personally do not feel compelled to participate or form strong opinions about these online mobilisations."
46,B,"As a citizen of Norvane, I feel that calling out public figures on Pulse is an important way to hold those in power accountable and ensure that their actions reflect our shared values and morality. Participating in these online call-outs makes me feel empowered and responsible, as it allows the collective voice of ordinary citizens to bring about real change and uphold fairness in our society. I believe this practice is a vital part of our democracy and helps protect the rights of all, including previously marginalized groups like the Veltari."
47,B,"As a citizen of Norvane, I feel that calling out public figures on Pulse is an important and necessary way to hold those in power accountable for their words and actions, especially when they make politically incorrect or discriminatory statements. Participating in this online culture makes me feel empowered because it allows ordinary citizens like myself to contribute to positive social change and ensure that our society reflects our shared values of fairness and equality."
48,B,"As a citizen of Norvane, I believe that calling out public figures on Pulse is an essential way for ordinary people like me to hold those in power accountable when they act against our shared values or make discriminatory statements. Participating in these online discussions feels both empowering and morally right, especially since our collective voices have led to real change in the past. For me and many others, calling out is a necessary tool to ensure our society continues to reflect and uphold our evolving sense of justice and equality."
49,B,"As a citizen of Norvane, I feel that calling out public figures on Pulse is not only justified but also an important way for ordinary people to hold those in power accountable, especially when official institutions are slow to act. Participating in these online discussions feels empowering and morally right, as it helps to shape public morality and ensure that public figures uphold the values our society stands for, such as equality and respect for all citizens, including the Veltari."
